{"cameraMode":{"drawMode":0,"name":"Shaded","section":"Shading Mode"},"sceneLighting":true,"audioPlay":false,"sceneViewState":{"showFog":true,"showMaterialUpdate":false,"showSkybox":true,"showFlares":true,"showImageEffects":true,"showParticleSystems":true},"in2DMode":false,"pivot":{"x":9.85185432434082,"y":14.968424797058106,"z":8.845001220703125},"rotation":{"x":-0.05128651484847069,"y":-0.006893404293805361,"z":0.00035416989703662694,"w":-0.998660147190094},"size":261.2701416015625,"orthographic":false}